Text_ID,English,French,German,Spanish,Italian,Portuguese,Japanese,Korean,Chinese_Simplified,Chinese_Traditional,Thai
BloodDefault,Default,Défaut,Standard,Por defecto,Predefinito,Padrão,デフォルト,기본,默认,預設,ค่าเริ่มต้น
BloodExtreme,Extreme,Extrême,Extrem,Extremo,Estremo,Extremo,過激,극심한,极端,極端,สุดขีด
BloodHigh,High,Haut,Hoch,Alto,Alto,Alto,高い,높은,高的,高的,สูง
BloodLow,Low,Faible,Niedrig,Bajo,Basso,Baixo,低い,낮은,低的,低的,ต่ำ
BloodVeryLow,Very Low,Très faible,Sehr niedrig,Muy bajo,Molto basso,Muito baixo,非常に低い,매우 낮음,非常低,非常低,ต่ำมาก
CategoryAdvanced,Advanced,Avancé,Fortschrittlich,Avanzado,Avanzato,Avançado,高度な,고급의,先进的,先進的,ขั้นสูง
CategoryDamageTypeMultipliers,Damage Type Multipliers,Multiplicateurs de type de dégâts,Schadensarten-Multiplikatoren,Multiplicadores de tipo de daño,Moltiplicatori di tipo di danno,Multiplicadores de Tipo de Dano,ダメージタイプの乗数,피해 유형 배율,伤害类型倍率,傷害類型倍率,ตัวคูณประเภทความเสียหาย
CategoryPresetSelection,Preset Selection,Sélection prédéfinie,Voreingestellte Auswahl,Selección de ajustes preestablecidos,Selezione preimpostata,Seleção predefinida,プリセット選択,사전 설정 선택,预设选择,預設選擇,การเลือกค่าที่ตั้งไว้ล่วงหน้า
CategoryZoneArm,Arm,Bras,Arm,Brazo,Braccio,Braço,アーム,팔,手臂,手臂,แขน
CategoryZoneDismemberment,Dismemberment,Démembrement,Zerstückelung,Desmembramiento,Smembramento,Desmembramento,切断,절단,肢解,肢解,การแยกชิ้นส่วน
CategoryZoneHead,Head,Tête,Kopf,Cabeza,Testa,Cabeça,頭,머리,头,頭,ศีรษะ
CategoryZoneLeg,Leg,Jambe,Bein,Pierna,Gamba,Perna,脚,다리,腿,腿,ขา
CategoryZoneNeck,Neck,Cou,Nacken,Cuello,Collo,Pescoço,ネック,목,脖子,脖子,คอ
CategoryZoneThroat,Throat,Gorge,Kehle,Garganta,Gola,Garganta,喉,목,喉,喉,คอ
CategoryZoneToggles,Zone Toggles,Bascules de zone,Zonenumschalter,Alternancias de zona,Attiva/disattiva zona,Alternâncias de zona,ゾーントグル,구역 토글,区域切换,區域切換,สลับโซน
CategoryZoneTorso,Torso,Torse,Torso,Torso,Torso,Torso,胴体,몸통,躯干,軀幹,ลำตัว
ChanceAlways,Always,Toujours,Stets,Siempre,Sempre,Sempre,いつも,언제나,总是,總是,เสมอ
ChanceDefault,Default,Défaut,Standard,Por defecto,Predefinito,Padrão,デフォルト,기본,默认,預設,ค่าเริ่มต้น
ChanceFrequent,Frequent,Fréquent,Häufig,Frecuente,Frequente,Freqüente,頻繁,잦은,频繁,頻繁,บ่อย
ChanceOff,Off,Désactivé,Aus,Apagado,Spento,Desligado,オフ,끄다,离开,離開,ปิด
ChanceRare,Rare,Rare,Selten,Extraño,Raro,Cru,レア,희귀한,稀有的,稀有的,หายาก
DamageDefault,Default,Défaut,Standard,Por defecto,Predefinito,Padrão,デフォルト,기본,默认,預設,ค่าเริ่มต้น
DamageExtreme,Extreme,Extrême,Extrem,Extremo,Estremo,Extremo,過激,극심한,极端,極端,สุดขีด
DamageHigh,High,Haut,Hoch,Alto,Alto,Alto,高い,높은,高的,高的,สูง
DamageLow,Low,Faible,Niedrig,Bajo,Basso,Baixo,低い,낮은,低的,低的,ต่ำ
DamageMinimal,Minimal,Minimal,Minimal,Mínimo,Minimo,Mínimo,最小限,최소,极简主义,極簡主義,น้อยที่สุด
DurationDefault,Default,Défaut,Standard,Por defecto,Predefinito,Padrão,デフォルト,기본,默认,預設,ค่าเริ่มต้น
DurationExtended,Extended,Étendu,Erweitert,Extendido,Esteso,Estendido,拡張,펼친,扩展,擴充,ขยาย
DurationLong,Long,Long,Lang,Largo,Lungo,Longo,長さ,긴,长的,長的,ยาว
DurationShort,Short,Court,Kurz,Corto,Corto,Curto,短い,짧은,短的,短的,สั้น
DurationVeryShort,Very Short,Très court,Sehr kurz,Muy corto,Molto breve,Muito curto,非常に短い,아주 짧은,非常短,非常短,สั้นมาก
FrequencyDefault,Default,Défaut,Standard,Por defecto,Predefinito,Padrão,デフォルト,기본,默认,預設,ค่าเริ่มต้น
FrequencyFast,Fast,Rapide,Schnell,Rápido,Veloce,Rápido,速い,빠른,快速地,快速地,เร็ว
FrequencyRapid,Rapid,Rapide,Schnell,Rápido,Rapid,Rápido,急速な,빠른,迅速的,迅速的,รวดเร็ว
FrequencySlow,Slow,Lent,Langsam,Lento,Lento,Lento,遅い,느린,慢的,慢的,ช้า
FrequencyVerySlow,Very Slow,Très lent,Sehr langsam,Muy lento,Molto lento,Muito lento,非常に遅い,매우 느림,非常慢,非常慢,ช้ามาก
OptionArmChance,Arm Chance,Arm Chance,Arm Chance,Posibilidad de brazo,Possibilità di braccio,Chance de braço,アームチャンス,암 찬스,手臂机会,手臂機會,โอกาสแห่งแขน
OptionArmDamage,Arm Damage,Lésion du bras,Armverletzung,Daño en el brazo,Danni al braccio,Dano no braço,腕の損傷,팔 부상,手臂损伤,手臂損傷,ความเสียหายที่แขน
OptionArmDuration,Arm Duration,Durée du bras,Armdauer,Duración del brazo,Durata del braccio,Duração do braço,アーム持続時間,팔 지속 시간,臂长,臂長,ระยะเวลาของแขน
OptionArmEnabled,Arm Enabled,Arm activé,ARM-fähig,Brazo habilitado,Braccio abilitato,Braço ativado,アーム対応,ARM 지원,支持ARM架构,支援ARM架構,เปิดใช้งานแขน
OptionArmFrequency,Arm Frequency,Fréquence des bras,Armfrequenz,Frecuencia del brazo,Frequenza del braccio,Frequência do braço,アーム周波数,팔 빈도,臂频率,臂頻率,ความถี่ของแขน
OptionArmStackLimit,Arm Stack Limit,Limite d'empilement des bras,Arm Stack Limit,Límite de apilamiento de brazos,Limite di stack di armi,Limite de pilha de braço,アームスタック制限,암 스택 제한,ARM 堆叠限制,ARM 堆疊限制,ขีดจำกัดการวางซ้อนแขน
OptionBloodAmountPreset,Blood Amount,Quantité de sang,Blutmenge,Cantidad de sangre,Quantità di sangue,Quantidade de sangue,血液量,혈액량,血液量,血液量,ปริมาณเลือด
OptionChancePreset,Chance Preset,Préréglage Chance,Chance-Voreinstellung,Ajuste preestablecido de oportunidad,Preimpostazione casuale,Predefinição de chance,チャンスプリセット,확률 사전 설정,机会预设,機會預設,ค่าที่ตั้งไว้ล่วงหน้าของโอกาส
OptionDamagePreset,Damage Preset,Préréglage des dommages,Schadensvoreinstellung,Preajuste de daños,Preimpostazione danni,Predefinição de danos,ダメージプリセット,피해 사전 설정,损伤预设,損傷預設,ความเสียหายที่ตั้งไว้ล่วงหน้า
OptionDebugLogging,Debug Logging,Journalisation de débogage,Debug-Protokollierung,Registro de depuración,Registrazione di debug,Registro de depuração,デバッグログ,디버그 로깅,调试日志,偵錯日誌,การบันทึกข้อมูลการแก้ไขข้อผิดพลาด
OptionDebugOverlay,Debug Overlay,Superposition de débogage,Debug-Overlay,Superposición de depuración,Sovrapposizione di debug,Sobreposição de depuração,デバッグオーバーレイ,디버그 오버레이,调试叠加层,調試疊加層,โอเวอร์เลย์ดีบัก
OptionDismembermentChance,Dismemberment Chance,Chance de démembrement,Chance auf Zerstückelung,Posibilidad de desmembramiento,Possibilità di smembramento,Chance de Desmembramento,切断確率,사지 절단 확률,肢解几率,肢解幾率,โอกาสที่จะเกิดการฉีกขาดของร่างกาย
OptionDismembermentDamage,Dismemberment Damage,Dommages par démembrement,Abtrennungsschäden,Daño por desmembramiento,Danni da smembramento,Danos por desmembramento,切断損傷,사지 절단 손상,肢体残缺,肢體殘缺,ความเสียหายจากการตัดอวัยวะ
OptionDismembermentDuration,Dismemberment Duration,Durée du démembrement,Dauer der Zerstückelung,Duración del desmembramiento,Durata dello smembramento,Duração do desmembramento,切断期間,사지 절단 시간,肢解持续时间,肢解持續時間,ระยะเวลาการตัดอวัยวะ
OptionDismembermentEnabled,Dismemberment Enabled,Démembrement activé,Zerstückelung aktiviert,Desmembramiento habilitado,Smembramento abilitato,Desmembramento Permitido,切断が有効,사지 절단 가능,肢体残害功能已启用,肢體殘害功能已啟用,เปิดใช้งานการแยกส่วน
OptionDismembermentFrequency,Dismemberment Frequency,Fréquence de démembrement,Häufigkeit der Zerstückelung,Frecuencia de desmembramiento,Frequenza di smembramento,Frequência de desmembramento,切断頻度,신체 절단 빈도,肢解频率,肢解頻率,ความถี่ในการแยกชิ้นส่วน
OptionDismembermentStackLimit,Dismemberment Stack Limit,Limite de pile de démembrement,Zerstückelungsstapelbegrenzung,Límite de pila de desmembramiento,Limite di pila di smembramento,Limite de pilha de desmembramento,切断スタック制限,분할 스택 제한,肢解堆叠限制,肢解堆疊限制,ขีดจำกัดการเรียงซ้อนของการแยกชิ้นส่วน
OptionDurationPreset,Duration Preset,Durée prédéfinie,Voreinstellung für Dauer,Preajuste de duración,Durata preimpostata,Duração predefinida,期間プリセット,지속 시간 사전 설정,持续时间预设,持續時間預設,ระยะเวลาที่ตั้งไว้ล่วงหน้า
OptionEnableMod,Enable Mod,Activer le mod,Mod aktivieren,Habilitar Mod,Abilita Mod,Ativar Mod,Modを有効にする,모드 활성화,启用模组,啟用模組,เปิดใช้งานม็อด
OptionFireMultiplier,Fire Mult,Feu Multi,Feuer Mult,Fuego Multi,Fuoco Multiplo,Multiplicador de fogo,ファイアマルチ,화재 멀티,火力多,火力多,ไฟร์ มัลท์
OptionFrequencyPreset,Frequency Preset,Préréglage de fréquence,Frequenzvoreinstellung,Preajuste de frecuencia,Preimpostazione della frequenza,Frequência predefinida,周波数プリセット,주파수 사전 설정,频率预设,頻率預設,การตั้งค่าความถี่ล่วงหน้า
OptionHeadChance,Head Chance,Chance de tête,Head Chance,Probabilidad de cabeza,Probabilità di vittoria,Chance de Cabeça,ヘッドチャンス,헤드 찬스,头部机会,頭部機會,โอกาสหัว
OptionHeadDamage,Head Damage,Dommages à la tête,Kopfverletzungen,Daño en la cabeza,Danni alla testa,Lesão na cabeça,頭部損傷,머리 부상,头部损伤,頭部損傷,ความเสียหายที่ศีรษะ
OptionHeadDuration,Head Duration,Durée de la tête,Kopf Dauer,Duración de la cabeza,Durata della testa,Duração da cabeça,ヘッド持続時間,헤드 지속 시간,头部持续时间,頭部持續時間,ระยะเวลาหัว
OptionHeadEnabled,Head Enabled,Tête activée,Kopfaktiviert,Cabeza habilitada,Testa abilitata,Cabeça habilitada,ヘッド対応,헤드 활성화,头部已启用,頭部已啟​​用,เปิดใช้งานส่วนหัว
OptionHeadFrequency,Head Frequency,Fréquence de la tête,Kopffrequenz,Frecuencia de la cabeza,Frequenza della testa,Frequência da cabeça,ヘッド周波数,헤드 주파수,头部频率,頭部頻率,ความถี่หัว
OptionHeadStackLimit,Head Stack Limit,Limite de pile de tête,Begrenzung des Kopfstapels,Límite de pila de cabezas,Limite dello stack di testine,Limite de pilha de cabeças,ヘッドスタック制限,헤드 스택 제한,堆芯限制,核心限制,ขีดจำกัดหัวซ้อน
OptionLegChance,Leg Chance,Chance de jambe,Leg Chance,Posibilidad de pierna,Possibilità di gamba,Chance de perna,レッグチャンス,레그 찬스,腿部机会,腿部機會,โอกาสขา
OptionLegDamage,Leg Damage,Lésion aux jambes,Beinverletzungen,Daño en la pierna,Danni alle gambe,Lesão na perna,脚の損傷,다리 부상,腿部损伤,腿部損傷,ความเสียหายที่ขา
OptionLegDuration,Leg Duration,Durée de la jambe,Beindauer,Duración de la pierna,Durata della gamba,Duração da perna,脚の長さ,다리 길이,腿部持续时间,腿部持續時間,ระยะเวลาขา
OptionLegEnabled,Leg Enabled,Jambe activée,Bein aktiviert,Pierna habilitada,Gamba abilitata,Habilitado para as pernas,レッグ有効,다리 활성화,腿部已启用,腿部已啟用,ขาช่วยพยุง
OptionLegFrequency,Leg Frequency,Fréquence des jambes,Beinfrequenz,Frecuencia de piernas,Frequenza delle gambe,Frequência de pernas,脚の頻度,다리 빈도,腿部频率,腿部頻率,ความถี่ขา
OptionLegStackLimit,Leg Stack Limit,Limite d'empilement des jambes,Beinstapelbegrenzung,Límite de apilamiento de piernas,Limite di pila di gambe,Limite de empilhamento de pernas,レッグスタック制限,다리 스택 제한,腿部堆叠限制,腿部堆疊限制,ขีดจำกัดการซ้อนขา
OptionLightningMultiplier,Lightning Mult,Éclair Multi,Blitz Multi,Relámpago Multi,Fulmine Multiplo,Relâmpago Mult,ライトニングマルチ,번개 멀티,闪电倍增,閃電倍增,สายฟ้าแลบ
OptionNeckChance,Neck Chance,Chance au cou,Halschance,Posibilidad de cuello,Possibilità di collo,Chance de pescoço,ネックチャンス,넥 찬스,颈部机会,頸部機會,โอกาสที่คอ
OptionNeckDamage,Neck Damage,Lésions cervicales,Nackenschäden,Daño en el cuello,Danni al collo,Lesão no pescoço,首の損傷,목 부상,颈部损伤,頸部損傷,ความเสียหายที่คอ
OptionNeckDuration,Neck Duration,Durée du cou,Halslänge,Duración del cuello,Durata del collo,Duração do pescoço,首の長さ,목 길이,颈部持续时间,頸部持續時間,ระยะเวลาคอ
OptionNeckEnabled,Neck Enabled,Activation par le cou,Halsaktiviert,Cuello habilitado,Collo abilitato,Pescoço habilitado,ネック対応,넥 활성화,颈部启用,頸部啟用,เปิดใช้งานคอ
OptionNeckFrequency,Neck Frequency,Fréquence du cou,Nackenfrequenz,Frecuencia del cuello,Frequenza del collo,Frequência do pescoço,ネック周波数,목 주파수,颈部频率,頸部頻率,ความถี่คอ
OptionNeckStackLimit,Neck Stack Limit,Limite d'empilement du cou,Halsstapelbegrenzung,Límite de apilamiento del cuello,Limite dello stack del collo,Limite de empilhamento do pescoço,ネックスタック制限,넥 스택 리밋,颈部堆叠限制,頸部堆疊限制,ขีดจำกัดการวางซ้อนคอ
OptionPierceMultiplier,Pierce Mult,Pierce Mult,Pierce Mult,Pierce Mult,Pierce Mult,Pierce Mult,ピアース・マルト,피어스 멀트,皮尔斯·穆尔特,皮爾斯·穆爾特,เพียร์ซ มัลท์
OptionProfilePreset,Profile,Profil,Profil,Perfil,Profilo,Perfil,プロフィール,윤곽,轮廓,輪廓,ประวัติโดยย่อ
OptionSlashMultiplier,Slash Mult,Slash Mult,Slash Mult,Barra oblicua múltiple,Barra multipla,Corte Mult,スラッシュマルチ,슬래시 멀티,斜杠乘法,斜線乘法,สแลช มัลท์
OptionThroatChance,Throat Chance,Chance de la gorge,Halsprobleme,Posibilidad de garganta,Possibilità di gola,Chance de Garganta,喉のチャンス,목구멍 기회,喉咙机会,喉嚨機會,โอกาสคอ
OptionThroatDamage,Throat Damage,Lésions à la gorge,Halsschäden,Daño en la garganta,Danni alla gola,Lesões na garganta,喉の損傷,목 손상,喉咙损伤,喉嚨損傷,ความเสียหายที่ลำคอ
OptionThroatDuration,Throat Duration,Durée de la gorge,Dauer des Kehlkopfreizes,Duración de la garganta,Durata della gola,Duração da garganta,喉の長さ,목구멍 지속 시간,喉咙持续时间,喉嚨持續時間,ระยะเวลาของลำคอ
OptionThroatEnabled,Throat Enabled,Activation de la gorge,Kehlkopf aktiviert,Garganta habilitada,Abilitato alla gola,Garganta Ativada,喉が有効,목구멍 활성화됨,喉咙已启用,喉嚨已啟用,เปิดใช้งานคอ
OptionThroatFrequency,Throat Frequency,Fréquence de la gorge,Kehlkopffrequenz,Frecuencia de garganta,Frequenza della gola,Frequência na garganta,喉の周波数,목 빈도,喉咙频率,喉嚨頻率,ความถี่ลำคอ
OptionThroatStackLimit,Throat Stack Limit,Limite de pile de gorge,Begrenzung des Rachenstapels,Límite de pila de garganta,Limite di pila della gola,Limite de empilhamento da garganta,スロートスタック制限,목구멍 스택 제한,喉管限制,喉管限制,ขีดจำกัดปล่องคอ
OptionTorsoChance,Torso Chance,Chance du torse,Chance auf einen Oberkörper,Torso Chance,Torso Chance,Chance de Torso,胴体チャンス,토르소 찬스,躯干机会,軀幹機會,ทอร์โซ แชนซ์
OptionTorsoDamage,Torso Damage,Dommages au torse,Rumpfverletzung,Daño en el torso,Danni al torso,Lesões no tronco,胴体損傷,몸통 손상,躯干损伤,軀幹損傷,ความเสียหายที่ลำตัว
OptionTorsoDuration,Torso Duration,Durée du torse,Rumpfdauer,Duración del torso,Durata del torso,Duração do tronco,胴体持続時間,몸통 지속 시간,躯干持续时间,軀幹持續時間,ระยะเวลาลำตัว
OptionTorsoEnabled,Torso Enabled,Torse activé,Torso-fähig,Torso habilitado,Torso abilitato,Tronco ativado,胴体対応,몸통 활성화,躯干已启用,軀幹已啟用,เปิดใช้งานส่วนลำตัว
OptionTorsoFrequency,Torso Frequency,Fréquence du torse,Rumpffrequenz,Frecuencia del torso,Frequenza del torso,Frequência do tronco,胴体周波数,몸통 주파수,躯干频率,軀幹頻率,ความถี่ลำตัว
OptionTorsoStackLimit,Torso Stack Limit,Limite d'empilement du torse,Rumpfstapelbegrenzung,Límite de apilamiento del torso,Limite di impilamento del torso,Limite de empilhamento do torso,胴体スタック制限,몸통 스택 제한,躯干堆叠限制,軀幹堆疊限制,ขีดจำกัดการซ้อนลำตัว
ProfileBleedOnly,Bleed Only,Saignement uniquement,Nur Bluten,Solo sangrado,Solo sanguinamento,Sangramento apenas,裁ち落としのみ,출혈만,仅出血,僅出血,เลือดออกเท่านั้น
ProfileDefault,Default,Défaut,Standard,Por defecto,Predefinito,Padrão,デフォルト,기본,默认,預設,ค่าเริ่มต้น
ProfileElementalOnly,Elemental Only,Élémentaire uniquement,Elementar Nur,Sólo elemental,Solo Elementale,Elemental apenas,エレメンタルのみ,원소 전용,仅限元素,僅限元素,ธาตุเท่านั้น
TooltipArmChance,Chance for arm wounds to cause bleeding,Risque d'hémorragie suite à des blessures au bras,"Gefahr, dass Armverletzungen zu Blutungen führen",Posibilidad de que las heridas en el brazo provoquen sangrado,Possibilità che le ferite al braccio causino sanguinamento,Possibilidade de ferimentos no braço causarem sangramento,腕の傷が出血を引き起こす可能性,팔에 입은 상처로 출혈이 발생할 가능성,手臂伤口出血的几率,手臂傷口出血的幾率,โอกาสที่บาดแผลที่แขนจะทำให้เกิดเลือดออก
TooltipArmDamage,Base damage per tick for arm wounds,Dégâts de base par tick pour les blessures au bras,Grundschaden pro Tick für Armwunden,Daño base por tic para heridas en el brazo,Danno base per zecca per ferite al braccio,Dano base por pulso para ferimentos no braço,腕の傷に対する1ティックあたりの基本ダメージ,팔 부상에 대한 틱당 기본 피해량,手臂伤口每跳基础伤害,手臂傷口每跳基礎傷害,ความเสียหายพื้นฐานต่อครั้งสำหรับบาดแผลที่แขน
TooltipArmDuration,How long arm bleeds last,Combien de temps durent les saignements du bras ?,Wie lange Armblutungen andauern,¿Cuánto dura el sangrado en el brazo?,Quanto durano le emorragie al braccio?,Quanto tempo dura o sangramento no braço?,腕の出血はどのくらい続くか,팔에서 피가 나는 기간은 얼마나 되나요?,手臂出血持续多久,手臂出血持續多久,เลือดที่แขนจะออกนานแค่ไหน
TooltipArmEnabled,Enable bleeding from arm wounds,Autoriser le saignement des plaies au bras,Blutungen aus Armwunden ermöglichen,Permitir el sangrado de las heridas del brazo,Consentire il sanguinamento dalle ferite al braccio,Permitir o sangramento de feridas no braço,腕の傷からの出血を可能にする,팔의 상처에서 출혈이 발생하도록 설정,使手臂伤口出血,使手臂傷口出血,จำลองการไหลของเลือดจากบาดแผลที่แขน
TooltipArmFrequency,Time between bleed ticks for arm wounds,Délai entre les saignements pour les plaies au bras,Zeit zwischen den Blutungszyklen bei Armwunden,Tiempo entre garrapatas de sangrado para heridas en el brazo,Tempo tra le zecche sanguinanti per le ferite al braccio,Intervalo entre os sangramentos em feridas no braço,腕の傷の出血間隔,팔 상처의 출혈 간격,手臂伤口出血两次滴答之间的时间间隔,手臂傷口出血兩次滴答之間的時間間隔,ระยะเวลาระหว่างการตกเลือดจากเห็บสำหรับบาดแผลที่แขน
TooltipArmStackLimit,Max stacks for arm wounds,Nombre maximal de cumuls pour les blessures au bras,Maximale Stapel für Armwunden,Máximas acumulaciones para heridas en el brazo,Massime pile per ferite al braccio,Acúmulos máximos para ferimentos no braço,腕の傷の最大スタック,팔 부상에 대한 최대 스택,手臂伤口最大叠加层数,手臂傷口最大疊加數,จำนวนสแต็คสูงสุดสำหรับบาดแผลที่แขน
TooltipBloodAmountPreset,"Blood VFX intensity preset. Controls how much blood spurts from wounds. Very Low = minimal blood, Default = moderate blood, Extreme = lots of blood.","Préréglage de l'intensité des effets visuels de sang. Contrôle la quantité de sang qui gicle des blessures. Très faible = sang minimal, Par défaut = sang modéré, Extrême = sang abondant.","Voreinstellung für die Intensität von Bluteffekten. Steuert die Menge an Blut, die aus Wunden spritzt. Sehr niedrig = minimales Blut, Standard = mäßiges Blut, Extrem = viel Blut.","Preajuste de intensidad de efectos visuales de sangre. Controla la cantidad de sangre que sale de las heridas. Muy bajo = poca sangre, predeterminado = sangre moderada, extremo = mucha sangre.","Intensità predefinita degli effetti visivi del sangue. Controlla la quantità di sangue che fuoriesce dalle ferite. Molto bassa = sangue minimo, Predefinita = sangue moderato, Estrema = molto sangue.","Predefinição de intensidade de efeitos visuais de sangue. Controla a quantidade de sangue que jorra dos ferimentos. Muito Baixo = sangue mínimo, Padrão = sangue moderado, Extremo = muito sangue.",血のVFX強度プリセット。傷口から噴き出す血の量を調整します。「非常に低い」＝最小限の血、デフォルト＝中程度の血、極端＝大量の血。,"혈흔 효과 강도 사전 설정입니다. 상처에서 뿜어져 나오는 피의 양을 조절합니다. 매우 낮음 = 최소량, 기본 = 중간량, 최대 = 다량.",血液特效强度预设。控制伤口喷出的血液量。极低 = 极少血液，默认 = 中等血液，极高 = 大量血液。,血液特效強度預設。控制傷口噴出的血液量。極低 = 極少血液，預設 = 中等血液，極高 = 大量血液。,"ค่าที่ตั้งไว้ล่วงหน้าสำหรับความเข้มของเอฟเฟ็กต์เลือด ควบคุมปริมาณเลือดที่พุ่งออกมาจากบาดแผล ต่ำมาก = เลือดน้อยมาก, ค่าเริ่มต้น = เลือดปานกลาง, สูงมาก = เลือดเยอะมาก"
TooltipChancePreset,Bleed chance preset. Default is the balanced middle value.,Paramètre prédéfini pour le risque de saignement. La valeur par défaut est la valeur moyenne équilibrée.,Voreinstellung für die Blutungswahrscheinlichkeit. Standardwert ist der ausgewogene Mittelwert.,Ajuste preestablecido de probabilidad de sangrado. El valor predeterminado es el valor medio equilibrado.,Preimpostazione della probabilità di sanguinamento. Il valore predefinito è il valore medio bilanciato.,Chance de sangramento predefinida. O padrão é o valor intermediário equilibrado.,にじみ確率のプリセット。デフォルトはバランスのとれた中間値です。,출혈 확률 사전 설정. 기본값은 균형 잡힌 중간 값입니다.,出血几率预设值。默认值为平衡的中间值。,出血幾率預設值。預設值為平衡的中間值。,ค่ากำหนดล่วงหน้าของโอกาสเลือดออก ค่าเริ่มต้นคือค่ากลางที่สมดุล
TooltipDamagePreset,Damage per tick preset. Default is the balanced middle value.,Préréglage des dégâts par tick. La valeur par défaut correspond à un équilibre intermédiaire.,Schaden pro Tick (voreingestellt). Standardwert ist der ausgewogene Mittelwert.,Daño por tick preestablecido. El valor predeterminado es el valor medio equilibrado.,Danno per tick preimpostato. Il valore predefinito è il valore medio bilanciato.,Dano por pulso predefinido. O padrão é o valor intermediário equilibrado.,ティックごとのダメージのプリセット。デフォルトはバランスの取れた中間値です。,초당 피해량 사전 설정. 기본값은 균형 잡힌 중간 값입니다.,每跳伤害预设值。默认值为平衡的中间值。,每跳傷害預設值。預設值為平衡的中間值。,ค่าความเสียหายต่อรอบการคำนวณ (Damage per tick) เป็นค่าที่ตั้งไว้ล่วงหน้า ค่าเริ่มต้นคือค่ากลางที่สมดุล
TooltipDebugLogging,Enable verbose debug logging,Activer la journalisation détaillée du débogage,Ausführliche Debug-Protokollierung aktivieren,Habilitar el registro de depuración detallado,Abilita la registrazione dettagliata del debug,Ativar registro de depuração detalhado,詳細なデバッグログを有効にする,자세한 디버그 로깅을 활성화합니다.,启用详细调试日志,啟用詳細調試日誌,เปิดใช้งานการบันทึกข้อมูลการแก้ไขข้อผิดพลาดแบบละเอียด
TooltipDebugOverlay,Enable periodic debug overlay logging with performance stats,Activer la journalisation périodique des informations de débogage avec les statistiques de performance,Aktivieren Sie die regelmäßige Debug-Protokollierung mit Leistungsstatistiken.,Habilitar el registro periódico de superposición de depuración con estadísticas de rendimiento,Abilita la registrazione periodica dell'overlay di debug con statistiche sulle prestazioni,Ative o registro periódico de depuração com estatísticas de desempenho.,パフォーマンス統計を含む定期的なデバッグオーバーレイログを有効にする,성능 통계와 함께 주기적인 디버그 오버레이 로깅을 활성화합니다.,启用包含性能统计信息的定期调试叠加日志记录,啟用包含效能統計資訊的定期偵錯疊加日誌記錄,เปิดใช้งานการบันทึกข้อมูลการดีบักเป็นระยะพร้อมสถิติประสิทธิภาพ
TooltipDismembermentChance,Chance for dismemberment to cause bleeding,Risque de démembrement pouvant provoquer une hémorragie,"Es besteht die Gefahr, dass eine Abtrennung Blutungen verursacht.",Posibilidad de que el desmembramiento cause sangrado,Possibilità che lo smembramento causi emorragia,Possibilidade de desmembramento causar sangramento,切断により出血する可能性がある,사지 절단으로 인한 출혈 가능성,肢体残缺可能导致出血,肢體殘缺可能導致出血,โอกาสที่การตัดแขนขาจะทำให้เกิดเลือดออก
TooltipDismembermentDamage,Base damage per tick for dismemberment,Dégâts de base par tick pour le démembrement,Grundschaden pro Tick für Verstümmelung,Daño base por tick por desmembramiento,Danno base per tick per smembramento,Dano base por pulso para desmembramento,切断の1ティックあたりの基本ダメージ,사지 절단 시 초당 기본 피해량,肢解造成的每跳基础伤害,肢解造成的每跳基礎傷害,ความเสียหายพื้นฐานต่อรอบสำหรับการตัดแขนขา
TooltipDismembermentDuration,How long dismemberment bleeds last,Combien de temps durent les saignements après un démembrement ?,Wie lange dauern Blutungen nach einer Gliedmaßenabtrennung an?,¿Cuánto duran las hemorragias por desmembramiento?,Quanto durano le emorragie da smembramento?,Quanto tempo dura o sangramento após um desmembramento?,切断による出血はどのくらい続くか,사지 절단으로 인한 출혈은 얼마나 오래 지속되나요?,肢体残缺出血会持续多久,肢體殘缺出血會持續多久,เลือดจากการตัดแขนขาจะไหลนานแค่ไหน
TooltipDismembermentEnabled,Enable bleeding from dismemberment,Activer le saignement dû au démembrement,Blutungen durch Abtrennung ermöglichen,Habilitar el sangrado por desmembramiento,Abilitare il sanguinamento da smembramento,Permitir sangramento por desmembramento,切断による出血を可能にする,사지 절단으로 인한 출혈을 활성화하세요,使肢体残肢出血,使肢體殘肢出血,เปิดใช้งานการตกเลือดจากการตัดแขนขา
TooltipDismembermentFrequency,Time between bleed ticks for dismemberment,Délai entre les saignements pour le démembrement,Zeit zwischen den Blutungszyklen zur Zerstückelung,Tiempo entre garrapatas de sangrado para desmembramiento,Tempo tra le zecche sanguinanti per lo smembramento,Intervalo entre os sangramentos para desmembramento,切断のための出血ティック間の時間,사지 절단 시 출혈 간격,两次抽血之间的时间间隔（用于肢解）,兩次抽血之間的時間間隔（用於肢解）,ระยะเวลาระหว่างการตกเลือดแต่ละครั้งสำหรับการตัดแขนขา
TooltipDismembermentStackLimit,Max stacks for dismemberment (per limb),Nombre maximal de charges pour le démembrement (par membre),Maximale Stapel für die Abtrennung (pro Gliedmaße),Máximo de acumulaciones para desmembramiento (por extremidad),Numero massimo di pile per lo smembramento (per arto),Acúmulos máximos para desmembramento (por membro),切断の最大スタック数（手足あたり）,사지 절단 최대 스택 수 (사지별),肢体残害的最大堆叠次数（每条肢体）,肢體殘害的最大堆疊次數（每條肢體）,จำนวนสแต็คสูงสุดสำหรับการตัดแขนขา (ต่อแขนขา)
TooltipDurationPreset,Bleed duration preset. Default is the balanced middle value.,Durée de saignement prédéfinie. La valeur par défaut est la valeur moyenne équilibrée.,Voreinstellung für die Überblenddauer. Standardwert ist der ausgewogene Mittelwert.,Preajuste de duración de sangrado. El valor predeterminado es el valor medio equilibrado.,Durata del sanguinamento preimpostata. Il valore predefinito è il valore intermedio bilanciato.,Duração do sangramento predefinida. O padrão é o valor médio equilibrado.,裁ち落とし期間のプリセット。デフォルトはバランスの取れた中間値です。,출혈 지속 시간 사전 설정. 기본값은 균형 잡힌 중간 값입니다.,出血持续时间预设值。默认值为中间平衡值。,出血持續時間預設值。預設值為中間平衡值。,ตั้งค่าระยะเวลาการรั่วไหลล่วงหน้า ค่าเริ่มต้นคือค่ากลางที่สมดุล
TooltipEnableMod,Master switch for the entire mod,Interrupteur principal pour l'ensemble du mod,Hauptschalter für die gesamte Modifikation,Interruptor maestro para todo el mod,Interruttore principale per l'intera mod,Interruptor principal para todo o mod,モッド全体のマスタースイッチ,전체 모드의 마스터 스위치,整个模块的总开关,整個模組的總開關,สวิตช์หลักสำหรับโมดิฟายทั้งหมด
TooltipFireMultiplier,"DOT damage multiplier for fire attacks. While active, creature has Burning visual effect. 0.0x disables DOT from fire entirely.","Multiplicateur de dégâts sur la durée pour les attaques de feu. Tant que cet effet est actif, la créature subit un effet visuel de brûlure. La valeur 0,0x désactive complètement les dégâts sur la durée de feu.","Schadensmultiplikator für Feuerangriffe. Solange aktiv, hat die Kreatur den visuellen Effekt „Brennend“. 0,0x deaktiviert den Schaden durch Feuer vollständig.","Multiplicador de daño por daño en el tiempo para ataques de fuego. Mientras está activo, la criatura tiene el efecto visual de quemar. 0.0x desactiva por completo el daño en el tiempo del fuego.","Moltiplicatore di danni nel tempo per gli attacchi di fuoco. Mentre è attivo, la creatura ha un effetto visivo di Bruciatura. 0,0x disattiva completamente i danni nel tempo causati dal fuoco.","Multiplicador de dano contínuo (DOT) para ataques de fogo. Enquanto ativo, a criatura apresenta o efeito visual de Queimadura. 0,0x desativa completamente o DOT de fogo.",火炎攻撃のDOTダメージ係数。発動中、クリーチャーは「燃焼」の視覚効果を持つ。0.0xにすると、火炎攻撃によるDOTダメージが完全に無効化される。,화염 공격에 대한 지속 피해 배율입니다. 활성화되면 생명체에게 불타는 듯한 시각 효과가 나타납니다. 0.0x로 설정하면 화염 공격으로 인한 지속 피해 효과가 완전히 사라집니다.,火焰攻击的持续伤害倍率。激活时，生物会获得燃烧视觉效果。0.0x 表示完全禁用火焰的持续伤害效果。,火焰攻擊的持續傷害倍率。啟動時，生物會獲得燃燒視覺效果。 0.0x 表示完全禁用火焰的持續傷害效果。,"ตัวคูณความเสียหายแบบต่อเนื่อง (DOT) สำหรับการโจมตีด้วยไฟ ขณะใช้งาน สิ่งมีชีวิตจะมีเอฟเฟกต์ภาพ ""ลุกไหม้"" ค่า 0.0x จะปิดใช้งานความเสียหายแบบต่อเนื่องจากไฟโดยสมบูรณ์"
TooltipFrequencyPreset,Tick frequency preset. Default is the balanced middle value.,Préréglage de la fréquence de tic. La valeur par défaut est la valeur moyenne équilibrée.,Voreinstellung für die Tickfrequenz. Standardwert ist der ausgewogene Mittelwert.,Frecuencia de tick preestablecida. El valor predeterminado es el valor medio equilibrado.,Frequenza di tick preimpostata. Il valore predefinito è il valore medio bilanciato.,Frequência de pulso predefinida. O padrão é o valor médio equilibrado.,ティック周波数のプリセット。デフォルトはバランスのとれた中間値です。,틱 빈도 사전 설정입니다. 기본값은 균형 잡힌 중간 값입니다.,滴答频率预设值。默认值为平衡中间值。,滴答頻率預設值。預設值為平衡中間值。,ตั้งค่าความถี่ของเข็มนาฬิกาไว้ล่วงหน้า ค่าเริ่มต้นคือค่ากลางที่สมดุล
TooltipHeadChance,Chance for head wounds to cause bleeding,Risque d'hémorragie suite à une blessure à la tête,"Gefahr, dass Kopfverletzungen Blutungen verursachen",Posibilidad de que las heridas en la cabeza provoquen sangrado,Possibilità che le ferite alla testa causino sanguinamento,Possibilidade de ferimentos na cabeça causarem sangramento.,頭部の傷による出血の可能性,머리 부상으로 출혈이 발생할 가능성,头部受伤导致出血的几率,頭部受傷導致出血的幾率,โอกาสที่บาดแผลที่ศีรษะจะทำให้เกิดเลือดออก
TooltipHeadDamage,Base damage per tick for head wounds,Dégâts de base par tic pour les blessures à la tête,Grundschaden pro Tick für Kopfverletzungen,Daño base por tictac para heridas en la cabeza,Danni base per zecca per ferite alla testa,Dano base por pulso para ferimentos na cabeça,頭部の傷に対する1ティックあたりの基本ダメージ,머리 부상에 대한 틱당 기본 피해량,头部伤口每跳基础伤害,頭部傷口每跳基礎傷害,ความเสียหายพื้นฐานต่อครั้งสำหรับบาดแผลที่ศีรษะ
TooltipHeadDuration,How long head bleeds last,Combien de temps durent les saignements de tête ?,Wie lange dauern Kopfblutungen an?,¿Cuánto duran las hemorragias en la cabeza?,Quanto durano le emorragie alla testa?,Quanto tempo dura um sangramento na cabeça?,頭からの出血はどのくらい続くか,두피 출혈은 얼마나 오래 지속되나요?,头部出血会持续多久？,頭部出血會持續多久？,เลือดออกที่ศีรษะจะนานแค่ไหน
TooltipHeadEnabled,Enable bleeding from head wounds,Provoquer un saignement des plaies à la tête,Ermöglichen Sie die Blutung aus Kopfverletzungen.,Permitir el sangrado de las heridas en la cabeza,Consentire il sanguinamento dalle ferite alla testa,Permitir sangramento de ferimentos na cabeça,頭部の傷からの出血を可能にする,머리 부상으로 인한 출혈을 활성화합니다.,使头部伤口出血,使頭部傷口出血,เปิดใช้งานการหลั่งจากบาดแผลที่ศีรษะ
TooltipHeadFrequency,Time between bleed ticks for head wounds,Délai entre les saignements pour les plaies à la tête,Zeit zwischen den Blutungszyklen bei Kopfverletzungen,Tiempo entre garrapatas de sangrado para heridas en la cabeza,Tempo tra le zecche sanguinanti per le ferite alla testa,Intervalo entre os testes de sangramento para ferimentos na cabeça,頭部の傷の出血間隔,두부 손상 시 출혈 간격,头部伤口出血蜱虫叮咬间隔时间,頭部傷口出血蜱蟲叮咬間隔時間,ระยะเวลาระหว่างการตกเลือดจากเห็บสำหรับบาดแผลที่ศีรษะ
TooltipHeadStackLimit,Max stacks for head wounds,Nombre maximal de cumuls pour les blessures à la tête,Maximale Stapel für Kopfverletzungen,Máximo de acumulaciones para heridas en la cabeza,Numero massimo di colpi per ferite alla testa,Acúmulos máximos para ferimentos na cabeça,頭部の傷の最大スタック,머리 부상에 대한 최대 스택,头部伤口最大叠加层数,頭部傷口最大疊加數,จำนวนสแต็คสูงสุดสำหรับบาดแผลที่ศีรษะ
TooltipLegChance,Chance for leg wounds to cause bleeding,Risque d'hémorragie suite à des blessures aux jambes,"Gefahr, dass Beinverletzungen zu Blutungen führen",Posibilidad de que las heridas en las piernas provoquen sangrado,Possibilità che le ferite alle gambe causino sanguinamento,Possibilidade de ferimentos nas pernas causarem sangramento,足の傷による出血の可能性,다리 부상으로 출혈이 발생할 가능성,腿部伤口出血的几率,腿部傷口出血的幾率,โอกาสที่บาดแผลที่ขาจะทำให้เกิดเลือดออก
TooltipLegDamage,Base damage per tick for leg wounds,Dégâts de base par tick pour les blessures aux jambes,Grundschaden pro Tick für Beinwunden,Daño base por tictac para heridas en las piernas,Danni base per zecca per ferite alle gambe,Dano base por pulso para ferimentos nas pernas,脚の傷に対する1ティックあたりの基本ダメージ,다리 부상에 대한 틱당 기본 피해량,腿部伤口每跳基础伤害,腿部傷口每跳基礎傷害,ความเสียหายพื้นฐานต่อครั้งสำหรับบาดแผลที่ขา
TooltipLegDuration,How long leg bleeds last,Combien de temps durent les saignements de jambe ?,Wie lange dauern Beinblutungen an?,¿Cuánto dura el sangrado en las piernas?,Quanto durano le emorragie alle gambe?,Quanto tempo dura o sangramento na perna?,足の出血はどれくらい続くか,다리 출혈은 얼마나 오래 지속되나요?,腿部出血持续多久？,腿部出血持續多久？,เลือดที่ไหลออกจากขาจะไหลนานแค่ไหน
TooltipLegEnabled,Enable bleeding from leg wounds,Autoriser le saignement des plaies aux jambes,Ermöglichen Sie die Blutung aus Beinwunden.,Permitir el sangrado de las heridas en las piernas,Consentire il sanguinamento dalle ferite alle gambe,Permitir o sangramento de feridas nas pernas,足の傷からの出血を可能にする,다리 상처에서 출혈이 발생하도록 합니다.,使腿部伤口出血,使腿部傷口出血,อนุญาตให้เลือดไหลออกจากบาดแผลที่ขาได้
TooltipLegFrequency,Time between bleed ticks for leg wounds,Délai entre les saignements pour les plaies aux jambes,Zeit zwischen den Blutungszyklen bei Beinwunden,Tiempo entre garrapatas de sangrado para heridas en las piernas,Tempo tra le zecche sanguinanti per le ferite alle gambe,Intervalo entre as aplicações de carrapatos para sangramento em feridas nas pernas,脚の傷の出血間隔,다리 상처의 출혈 간격,腿部伤口出血蜱虫叮咬的时间间隔,腿部傷口出血蜱蟲叮咬的時間間隔,ระยะเวลาระหว่างการกัดของเห็บสำหรับบาดแผลที่ขา
TooltipLegStackLimit,Max stacks for leg wounds,Nombre maximal de piles pour les blessures aux jambes,Maximale Stapel für Beinwunden,Máximo de acumulaciones para heridas en las piernas,Massime pile per ferite alle gambe,Acúmulos máximos para ferimentos nas pernas,脚の傷の最大スタック,다리 부상에 대한 최대 스택,腿部伤口最大叠加层数,腿部傷口最大疊加數,จำนวนสแต็คสูงสุดสำหรับบาดแผลที่ขา
TooltipLightningMultiplier,"DOT damage multiplier for lightning attacks. While active, creature has Electrocute visual effect. 0.0x disables DOT from lightning entirely.","Multiplicateur de dégâts sur la durée pour les attaques de foudre. Tant que cet effet est actif, la créature subit l'effet visuel d'électrocution. La valeur 0,0x désactive complètement les dégâts sur la durée de la foudre.","Schadensmultiplikator für Blitzangriffe. Solange aktiv, erleidet die Kreatur den visuellen Effekt „Elektrisieren“. 0,0x deaktiviert den Schaden durch Blitze vollständig.","Multiplicador de daño por daño en el tiempo (DOT) para ataques de rayo. Mientras está activo, la criatura tiene el efecto visual de Electrocutar. 0.0x desactiva por completo el DOT de los rayos.","Moltiplicatore di danni nel tempo per gli attacchi con fulmini. Mentre è attivo, la creatura ha l'effetto visivo di Elettroshock. 0,0x disattiva completamente i danni nel tempo causati dai fulmini.","Multiplicador de dano contínuo (DOT) para ataques de relâmpago. Enquanto ativo, a criatura recebe o efeito visual de Eletrocutar. 0,0x desativa completamente o DOT de relâmpagos.",雷属性攻撃のDOTダメージ係数。発動中、クリーチャーは感電のビジュアルエフェクトを付与します。0.0x にすると、雷属性攻撃によるDOTダメージは完全に無効化されます。,번개 공격에 대한 지속 피해 배율입니다. 활성화되면 생명체에게 감전 시각 효과가 적용됩니다. 0.0x로 설정하면 번개 공격으로 인한 지속 피해 효과가 완전히 사라집니다.,闪电攻击的持续伤害倍率。激活时，生物获得电击视觉效果。0.0x 会完全禁用闪电造成的持续伤害。,閃電攻擊的持續傷害倍率。啟動時，生物獲得電擊視覺效果。 0.0x 會完全停用閃電造成的持續傷害。,ตัวคูณความเสียหายแบบต่อเนื่อง (DOT) สำหรับการโจมตีด้วยสายฟ้า ขณะใช้งาน สิ่งมีชีวิตจะมีเอฟเฟกต์ภาพ Electrocute ค่า 0.0x จะปิดใช้งานความเสียหายแบบต่อเนื่องจากสายฟ้าโดยสมบูรณ์
TooltipNeckChance,Chance for neck wounds to cause bleeding,Risque d'hémorragie suite à une blessure au cou,"Gefahr, dass Halsverletzungen zu Blutungen führen",Posibilidad de que las heridas del cuello provoquen sangrado,Possibilità che le ferite al collo causino sanguinamento,Possibilidade de ferimentos no pescoço causarem sangramento,首の傷による出血の可能性,목 부위 상처로 출혈이 발생할 가능성이 있습니다.,颈部伤口出血的几率,頸部傷口出血的幾率,โอกาสที่บาดแผลบริเวณคอจะทำให้เกิดเลือดออก
TooltipNeckDamage,Base damage per tick for neck wounds,Dégâts de base par tic pour les blessures au cou,Grundschaden pro Tick für Halswunden,Daño base por tictac para heridas en el cuello,Danni base per zecca per ferite al collo,Dano base por pulso para ferimentos no pescoço,首の傷に対する1回あたりの基本ダメージ,목 부상에 대한 틱당 기본 피해량,颈部伤口每跳基础伤害,頸部傷口每跳基礎傷害,ความเสียหายพื้นฐานต่อครั้งสำหรับบาดแผลที่คอ
TooltipNeckDuration,How long neck bleeds last,Combien de temps durent les saignements de cou ?,Wie lange dauern Halsblutungen an?,¿Cuánto duran los sangrados del cuello?,Quanto durano le emorragie al collo?,Quanto tempo dura o sangramento no pescoço?,首の出血はどのくらい続くか,목에서 나는 출혈은 얼마나 오래 지속되나요?,颈部出血会持续多久？,頸部出血會持續多久？,เลือดออกที่คอจะนานแค่ไหน
TooltipNeckEnabled,Enable bleeding from neck wounds,Autoriser le saignement des plaies au cou,Blutungen aus Halswunden ermöglichen,Permitir el sangrado de las heridas del cuello,Consentire il sanguinamento dalle ferite al collo,Permitir o sangramento de feridas no pescoço,首の傷からの出血を可能にする,목 부위 상처에서 출혈이 발생하도록 합니다.,使颈部伤口出血,使頸部傷口出血,อนุญาตให้เลือดไหลออกจากบาดแผลที่คอ
TooltipNeckFrequency,Time between bleed ticks for neck wounds,Délai entre les saignements pour les plaies au cou,Zeit zwischen den Blutungszyklen bei Halswunden,Tiempo entre garrapatas de sangrado para heridas en el cuello,Tempo tra le zecche sanguinanti per le ferite al collo,Intervalo entre os sangramentos em feridas no pescoço,首の傷の出血間隔,목 부위 상처의 출혈 간격,颈部伤口出血蜱虫叮咬的时间间隔,頸部傷口出血蜱蟲叮咬的時間間隔,ระยะเวลาระหว่างการกัดของเห็บสำหรับบาดแผลที่คอ
TooltipNeckStackLimit,Max stacks for neck wounds,Nombre maximal de piles pour les blessures au cou,Maximale Stapel bei Halswunden,Máximas acumulaciones para heridas en el cuello,Numero massimo di pile per ferite al collo,Acúmulos máximos para ferimentos no pescoço,首の傷に対する最大スタック,목 부상에 대한 최대 스택,颈部伤口最大叠加层数,頸部傷口最大疊加數,จำนวนสแต็คสูงสุดสำหรับบาดแผลที่คอ
TooltipPierceMultiplier,DOT damage multiplier for pierce attacks. 0.0x disables DOT from pierce entirely.,"Multiplicateur de dégâts sur la durée pour les attaques perforantes. 0,0x désactive complètement les dégâts sur la durée des attaques perforantes.","Schadensmultiplikator für Stichangriffe. 0,0x deaktiviert den Schaden-über-Zeit-Effekt durch Stichangriffe vollständig.",Multiplicador de daño DOT para ataques de perforación. 0.0x deshabilita por completo el DOT de la perforación.,"Moltiplicatore di danni nel tempo per gli attacchi perforanti. 0,0x disattiva completamente i danni nel tempo per gli attacchi perforanti.","Multiplicador de dano contínuo (DOT) para ataques perfurantes. 0,0x desativa completamente o DOT de ataques perfurantes.",貫通攻撃の DOT ダメージ乗数。0.0x は貫通攻撃からの DOT を完全に無効にします。,관통 공격에 대한 지속 피해 배율입니다. 0.0x로 설정하면 관통 공격으로 인한 지속 피해가 완전히 사라집니다.,穿透攻击的持续伤害倍率。0.0x 表示完全禁用穿透攻击的持续伤害效果。,穿透攻擊的持續傷害倍率。 0.0x 表示完全禁用穿透攻擊的持續傷害效果。,ตัวคูณความเสียหายแบบต่อเนื่อง (DOT) สำหรับการโจมตีแบบเจาะทะลุ 0.0x จะปิดใช้งาน DOT สำหรับการโจมตีแบบเจาะทะลุโดยสิ้นเชิง
TooltipProfilePreset,"Profile determines which damage types trigger DOT effects. Default = all types, Bleed Only = physical only, Elemental Only = fire/lightning/energy only.","Le profil détermine quels types de dégâts déclenchent les effets de dégâts sur la durée. Par défaut : tous les types ; Saignement uniquement : dégâts physiques uniquement ; Élémentaire uniquement : dégâts de feu, de foudre ou d’énergie uniquement.","Das Profil bestimmt, welche Schadensarten DoT-Effekte auslösen. Standard = alle Arten, Nur Blutung = nur physischer Schaden, Nur Elementarschaden = nur Feuer-/Blitz-/Energieschaden.","El perfil determina qué tipos de daño activan efectos de daño en el tiempo. Predeterminado: todos los tipos, Solo sangrado: solo físico, Solo elemental: solo fuego/rayo/energía.","Il profilo determina quali tipi di danno attivano effetti DOT. Predefinito = tutti i tipi, Solo Sanguinamento = solo fisico, Solo Elementale = solo fuoco/fulmine/energia.","O perfil determina quais tipos de dano ativam efeitos de dano contínuo (DOT). Padrão = todos os tipos, Apenas Sangramento = apenas dano físico, Apenas Elemental = apenas dano de fogo/raio/energia.",プロファイルは、DOT効果を発動するダメージの種類を決定します。デフォルト = 全種類、出血のみ = 物理のみ、属性のみ = 火炎/雷撃/エネルギーのみ。,"프로필은 지속 피해 효과를 유발하는 피해 유형을 결정합니다. 기본값 = 모든 유형, 출혈 전용 = 물리 피해만, 원소 전용 = 화염/번개/에너지 피해만.",配置决定哪些伤害类型会触发持续伤害效果。默认值为所有类型，仅流血为物理伤害，仅元素为火焰/闪电/能量伤害。,配置決定哪些傷害類型會觸發持續傷害效果。預設值為所有類型，僅流血為物理傷害，僅元素為火焰/閃電/能量傷害。,"โปรไฟล์จะกำหนดประเภทความเสียหายที่จะทำให้เกิดเอฟเฟกต์ DOT (Damage over Time) ค่าเริ่มต้น = ทุกประเภท, เลือดออกเท่านั้น = เฉพาะความเสียหายทางกายภาพ, ธาตุเท่านั้น = เฉพาะความเสียหายจากไฟ/สายฟ้า/พลังงาน"
TooltipSlashMultiplier,DOT damage multiplier for slash attacks. 0.0x disables DOT from slash entirely.,"Multiplicateur de dégâts sur la durée pour les attaques tranchantes. 0,0x désactive complètement les dégâts sur la durée des attaques tranchantes.","Schadensmultiplikator für Hiebangriffe. 0,0x deaktiviert den Schadenseffekt von Hiebangriffen vollständig.",Multiplicador de daño DOT para ataques de corte. 0.0x deshabilita por completo el DOT de los ataques de corte.,"Moltiplicatore di danni nel tempo per gli attacchi di taglio. 0,0x disattiva completamente i danni nel tempo per gli attacchi di taglio.","Multiplicador de dano contínuo (DOT) para ataques cortantes. 0,0x desativa completamente o DOT de ataques cortantes.",スラッシュ攻撃の DOT ダメージ乗数。0.0x はスラッシュからの DOT を完全に無効にします。,베기 공격에 대한 지속 피해 배율입니다. 0.0x로 설정하면 베기 공격으로 인한 지속 피해가 완전히 사라집니다.,斩击的持续伤害倍率。0.0x 表示完全禁用斩击的持续伤害效果。,斬擊的持續傷害倍率。 0.0x 表示完全停用斬擊的持續傷害效果。,ตัวคูณความเสียหายแบบต่อเนื่อง (DOT) สำหรับการโจมตีแบบฟัน 0.0x จะปิดใช้งานความเสียหายแบบต่อเนื่องจากการโจมตีแบบฟันโดยสิ้นเชิง
TooltipThroatChance,Chance for throat wounds to cause bleeding,Risque de saignement suite à une blessure à la gorge,"Gefahr, dass Halswunden Blutungen verursachen",Posibilidad de que las heridas en la garganta provoquen sangrado,Possibilità che le ferite alla gola causino sanguinamento,Possibilidade de ferimentos na garganta causarem sangramento,喉の傷による出血の可能性,목에 입은 상처로 출혈이 발생할 가능성,喉咙伤口导致出血的几率,喉嚨傷口導致出血的幾率,โอกาสที่บาดแผลในลำคอจะทำให้เกิดเลือดออก
TooltipThroatDamage,Base damage per tick for throat wounds,Dégâts de base par tic pour les blessures à la gorge,Grundschaden pro Tick für Halswunden,Daño base por garrapata para heridas de garganta,Danni base per zecca per ferite alla gola,Dano base por pulso para ferimentos na garganta,喉の傷に対する1回あたりの基本ダメージ,목 부상에 대한 틱당 기본 피해량,喉部伤口每跳基础伤害,喉部傷口每跳基礎傷害,ความเสียหายพื้นฐานต่อครั้งสำหรับบาดแผลที่ลำคอ
TooltipThroatDuration,How long throat bleeds last,Combien de temps durent les saignements de gorge ?,Wie lange dauern Halsblutungen an?,¿Cuánto dura el sangrado de garganta?,Quanto durano le emorragie alla gola?,Quanto tempo dura o sangramento na garganta?,喉の出血はどれくらい続くか,목에서 나는 출혈은 얼마나 오래 지속되나요?,喉咙出血会持续多久？,喉嚨出血會持續多久？,เลือดกำเดาไหลนานแค่ไหน
TooltipThroatEnabled,Enable bleeding from throat wounds,Provoquer un saignement au niveau des plaies à la gorge,Ermöglichen Sie die Blutung aus Halswunden,Facilitar el sangrado de heridas en la garganta,Consentire il sanguinamento dalle ferite alla gola,Permitir o sangramento de feridas na garganta,喉の傷からの出血を可能にする,목 부위 상처에서 출혈이 발생하도록 합니다.,使喉咙伤口出血,使喉嚨傷口出血,ช่วยให้เลือดไหลออกจากบาดแผลที่ลำคอได้
TooltipThroatFrequency,Time between bleed ticks for throat wounds,Délai entre les saignements pour les plaies à la gorge,Zeit zwischen den Blutungszyklen bei Halswunden,Tiempo entre garrapatas de sangrado para heridas de garganta,Tempo tra le zecche sanguinanti per le ferite alla gola,Intervalo entre carrapatos para sangramento de feridas na garganta,喉の傷の出血間隔,목 부위 상처의 출혈 간격,两次蜱虫叮咬喉咙伤口的时间间隔,兩次蜱蟲叮咬喉嚨傷口的時間間隔,ระยะเวลาระหว่างการกัดของเห็บต่อบาดแผลที่ลำคอ
TooltipThroatStackLimit,Max stacks for throat wounds,Nombre maximal de piles pour les blessures à la gorge,Maximale Stapel für Halswunden,Máximas acumulaciones para heridas de garganta,Massime pile per ferite alla gola,Acúmulos máximos para ferimentos na garganta,喉の傷に最大スタック,목 부상에 대한 최대 스택,喉部伤口最大叠加层数,喉部傷口最大疊加層數,จำนวนสแต็คสูงสุดสำหรับบาดแผลที่ลำคอ
TooltipTorsoChance,Chance for torso wounds to cause bleeding,Risque d'hémorragie liée aux blessures au torse,"Gefahr, dass Verletzungen am Rumpf zu Blutungen führen",Posibilidad de que las heridas en el torso provoquen sangrado,Possibilità che le ferite al torso causino sanguinamento,Possibilidade de ferimentos no tronco causarem sangramento,胴体の傷による出血の可能性,몸통 부위 부상으로 출혈이 발생할 가능성,躯干伤口导致出血的几率,軀幹傷口導致出血的幾率,โอกาสที่บาดแผลบริเวณลำตัวจะทำให้เกิดเลือดออก
TooltipTorsoDamage,Base damage per tick for torso wounds,Dégâts de base par itération pour les blessures au torse,Grundschaden pro Tick für Rumpfwunden,Daño base por tic para heridas en el torso,Danno base per tick per ferite al torso,Dano base por pulso para ferimentos no torso,胴体へのダメージに対する1ティックあたりの基本ダメージ,몸통 부상에 대한 틱당 기본 피해량,躯干伤口每跳基础伤害,軀幹傷口每跳基礎傷害,ความเสียหายพื้นฐานต่อวินาทีสำหรับบาดแผลที่ลำตัว
TooltipTorsoDuration,How long torso bleeds last,Combien de temps durent les saignements au niveau du torse ?,Wie lange dauert eine Blutung im Rumpfbereich an?,¿Cuánto dura el sangrado en el torso?,Quanto durano le emorragie del torso?,Quanto tempo dura o sangramento no tronco?,胴体出血はどのくらい続くか,몸통 출혈은 얼마나 오래 지속되나요?,躯干出血会持续多久？,軀幹出血會持續多久？,เลือดออกบริเวณลำตัวจะนานแค่ไหน
TooltipTorsoEnabled,Enable bleeding from torso wounds,Autoriser le saignement des blessures au torse,Blutungen aus Rumpfwunden ermöglichen,Permitir el sangrado de las heridas del torso,Abilitare il sanguinamento dalle ferite del torso,Permitir sangramento de ferimentos no tronco,胴体の傷からの出血を可能にする,몸통 부위 상처에서 출혈이 발생하도록 설정,使躯干伤口出血,使軀幹傷口出血,เปิดใช้งานการแสดงเลือดไหลจากบาดแผลที่ลำตัว
TooltipTorsoFrequency,Time between bleed ticks for torso wounds,Délai entre les saignements pour les plaies au torse,Zeit zwischen den Blutungszyklen bei Rumpfwunden,Tiempo entre garrapatas de sangrado para heridas en el torso,Tempo tra le zecche sanguinanti per le ferite del torso,Intervalo entre os sinais de sangramento em ferimentos no tronco,胴体の傷の出血間隔,몸통 상처의 출혈 간격,躯干伤口出血两次检查之间的时间间隔,軀幹傷口出血兩次檢查之間的時間間隔,ระยะเวลาระหว่างการแทงเข็มเพื่อเก็บเลือดสำหรับบาดแผลที่ลำตัว
TooltipTorsoStackLimit,Max stacks for torso wounds,Nombre maximal de cumuls pour les blessures au torse,Maximale Stapel für Rumpfwunden,Máximo de acumulaciones para heridas en el torso,Numero massimo di ferite al torso,Acúmulos máximos para ferimentos no torso,胴体の傷の最大スタック,몸통 부상에 대한 최대 스택,躯干伤口最大叠加层数,軀幹傷口最大疊加數,จำนวนสแต็คสูงสุดสำหรับบาดแผลที่ลำตัว